,Intercept,MR,RDIGR,CPIGR,age,age*age,OrigScore,ELTV,insurance,NUMB_30DELQ_LAST12M,R_UNEMP,JUMBO,NUMB_60DELQ_LAST12M,R_HPI
ToCurrent,-3.4410397740,0.0000000000,0.0000000000,0.0000000000,0.0000000000,0.0000000000,0.0051338012,0.0716371318,0.0000000000,0.0000000000,0.0351674584,0.9202440324,-0.1449606920,0.0000000000
ToDQ60,-1.7080272980,0.0000000000,0.0000000000,0.0000000000,0.0000000000,0.0000000000,-0.0017262030,1.1373270343,0.0000000000,0.0000000000,0.0666270558,-1.5141389920,0.1807839494,0.0000000000
ToDefault,-7.2122885780,0.0000000000,0.0000000000,0.0000000000,0.0000000000,0.0000000000,0.0055133078,2.1201994841,0.0000000000,0.0000000000,0.0778496519,0.2162214711,0.0755837001,0.0000000000
ToPO,-7.4891629900,0.0000000000,0.0000000000,0.0000000000,0.0000000000,0.0000000000,0.0098182353,-2.2768168470,0.0000000000,0.0000000000,-0.0355221220,1.4291826167,-0.4595654000,0.0000000000
