,Intercept,MR,RDIGR,CPIGR,age,age*age,OrigScore,ELTV,insurance,NUMB_30DELQ_LAST12M,R_UNEMP,JUMBO,NUMB_60DELQ_LAST12M,R_HPI
ToDQ30,0.8775852230,0.0412274979,-0.0001728370,-0.0324228880,0.0089997385,-0.0000448540,-0.0091766160,0.7307955201,0.3913079748,0.4469303014,0.0000000000,0.0000000000,0.0000000000,0.0000000000
ToDQ60,-3.8960646040,0.1651274589,0.0039503374,-0.0466282790,0.0143356965,-0.0000602820,-0.0077466400,2.4998245241,0.2813979756,0.4249331091,0.0000000000,0.0000000000,0.0000000000,0.0000000000
ToDefault,-4.1929582080,-0.0923857010,-0.0276315080,-0.2310294420,0.0138747924,-0.0000229980,-0.0060370730,2.8410978129,0.2808456043,0.2883789060,0.0000000000,0.0000000000,0.0000000000,0.0000000000
ToPO,-3.2929145490,-0.2548673150,0.0015730317,0.0314895155,0.0100403679,-0.0000657780,0.0021256869,-1.0712184080,-0.4524190630,-0.0163073510,0.0000000000,0.0000000000,0.0000000000,0.0000000000
